record_id,chapter,exact_combination,normalized_lookup,combination_key,sign_1,sign_2,aliases,igbo_meanings,english_meanings,source_chapter
AFA-01-01,Chapter 1: Agali (Aghali),Aghali Aka,Aghali Aka,AGHALI__AKA,Aghali,Aka,agali aka ; aghali aka,Ihe na-agba agba di ka akpi | Agbisi,Something that stings like and ant or scorpion,1 - Agali (Aghali)
AFA-01-02,Chapter 1: Agali (Aghali),Aghali Akwu,Aghali Akwu,AGHALI__AKWU,Aghali,Akwu,agali akwu ; aghali akwu,Okuke | Ite | Okuku,Consecrated calabash | Earthen pot,1 - Agali (Aghali)
AFA-01-03,Chapter 1: Agali (Aghali),Aghali Naabo,Aghali Naabo,AGHALI__NAABO,Aghali,Naabo,agali naabo ; aghali naabo,Ato | Ito | Ikenga | Mba | Ino Olu | Agwu,Ato Goddess (Nne Agwu/Nne Atu) | Ikenga deity | Victory | Aries | Mars | Fulfillment,1 - Agali (Aghali)
AFA-01-04,Chapter 1: Agali (Aghali),Aghali Atulukpa,Aghali Atulukpa,AGHALI__ATULUKPA,Aghali,Atulukpa,agali atulukpa ; aghali atulukpa,Ihe a na-ewero ihe | Ihe di obere | Oboloto,Something insignificant | Something very small | Something minor | Oboloto plant (regarded as the smallest seed of creation) | Seed star,1 - Agali (Aghali)
AFA-01-05,Chapter 1: Agali (Aghali),Aghali Ete,Aghali Ete,AGHALI__ETE,Aghali,Ete,agali ete ; aghali ete,Mbokili | Ekweekwe | Onye na emesi ike | Obo,Non-compromising | Doubting person | Stubborn person | Pained vengeance,1 - Agali (Aghali)
AFA-01-06,Chapter 1: Agali (Aghali),Aghali Ijite or Aghali Ogwute,Aghali + Ijite / Ogwute,AGHALI__IJITE_OGWUTE,Aghali,Ijite / Ogwute,agali ijite ; agali ogwute ; aghali ijite ; aghali ijite or aghali ogwute ; aghali ogwute,Irado ihe dika alo | Okili,Installing something | Showing strong backing for something,1 - Agali (Aghali)
AFA-01-07,Chapter 1: Agali (Aghali),Aghali Obara,Aghali + Obara / Obala,AGHALI__OBARA,Aghali,Obara / Obala,agali obala ; agali obara ; aghali obala ; aghali obara,Ndi echichi,Titled person,1 - Agali (Aghali)
AFA-01-08,Chapter 1: Agali (Aghali),Aghali Ora,Aghali Ora,AGHALI__ORA,Aghali,Ora,agali ora ; aghali ora,Nseke,Trouble | Sickness | Problem,1 - Agali (Aghali)
AFA-01-09,Chapter 1: Agali (Aghali),Aghali Okara,Aghali + Okala / Okara,AGHALI__OKALA,Aghali,Okala / Okara,agali okala ; agali okara ; aghali okala ; aghali okara,Nwata nwoke,Male child,1 - Agali (Aghali)
AFA-01-10,Chapter 1: Agali (Aghali),Aghali Ose,Aghali Ose,AGHALI__OSE,Aghali,Ose,agali ose ; aghali ose,Ifere | Ife Ifere,Shame | Shameful thing,1 - Agali (Aghali)
AFA-01-11,Chapter 1: Agali (Aghali),Aghali Obi,Aghali + Obi / Ogbi,AGHALI__OBI,Aghali,Obi / Ogbi,agali obi ; agali ogbi ; aghali obi ; aghali ogbi,Ire ana ere | Oria,Retrogression | Illness,1 - Agali (Aghali)
AFA-01-12,Chapter 1: Agali (Aghali),Aghali Odi,Aghali Odii,AGHALI__ODII,Aghali,Odii,agali odi ; agali odii ; aghali odi ; aghali odii,Chukwu Okike | Ikem | Ivite | Adama | Ogbalaike/Ogbalike,The Supreme Creator | Ikem (town) | Last or third child | The root of humanity | Most ancient human beings | Strong Spear,1 - Agali (Aghali)
AFA-01-13,Chapter 1: Agali (Aghali),Aghali Ofu,Aghali + Ofu / Ovu,AGHALI__OFU,Aghali,Ofu / Ovu,agali ofu ; agali ovu ; aghali ofu ; aghali ovu,Ego | Okike Chukwu,Money | Material wealth | Recreation,1 - Agali (Aghali)
AFA-01-14,Chapter 1: Agali (Aghali),Aghali Ogheli,Aghali + Ogheli / Ogoli / Ogholi,AGHALI__OGOLI,Aghali,Ogheli / Ogoli / Ogholi,agali ogheli ; agali ogholi ; agali ogoli ; aghali ogheli ; aghali ogholi ; aghali ogoli,Umuaka,Children,1 - Agali (Aghali)
AFA-01-15,Chapter 1: Agali (Aghali),Aghali Otule,Aghali Otule,AGHALI__OTULE,Aghali,Otule,agali otule ; aghali otule,Ikpo uzu onu | Ndi uzu | Ona | Oka | Okwu a na ekwu n'onu,Rekindling fire with mouth | The precious metal | Blacksmiths | Awka town | Oral speech,1 - Agali (Aghali)
AFA-01-16,Chapter 1: Agali (Aghali),Aghali Ululu,Aghali Ululu,AGHALI__ULULU,Aghali,Ululu,agali ululu ; aghali ululu,Ihe a juju aju | Amu | Ochi,Rejected thing | Laughter,1 - Agali (Aghali)
AFA-02-01,Chapter 2: Aka,Aka Naabo,Aka Naabo,AKA__NAABO,Aka,Naabo,aka naabo,Igbanje | Ogbanje | Oso | Ndi njem | Ndi ogbanje,To go on a journey | Spirit on a mission | Run | Traveling spirits | Ogbanje spirits,2 - Aka
AFA-02-02,Chapter 2: Aka,Aka Akwu,Aka Akwu,AKA__AKWU,Aka,Akwu,aka akwu,Ndi Ushi Aka | Ndi Mbu | Ndichie,First Ancestors who arrived before death | Ascended Ancestors,2 - Aka
AFA-02-03,Chapter 2: Aka,Aka Aghali,Aka Aghali,AKA__AGHALI,Aka,Aghali,aka agali ; aka aghali,Anu | Uga Azi | Umu Azi,Meat | Wild animal | Uga Azi world age | Corrupted mind(s),2 - Aka
AFA-02-04,Chapter 2: Aka,Aka Atulukpa,Aka Atulukpa,AKA__ATULUKPA,Aka,Atulukpa,aka atulukpa,Oji | Nkwado | Ikwusike,Iroko | Support | Standing firm,2 - Aka
AFA-02-05,Chapter 2: Aka,Aka Ete,Aka Ete,AKA__ETE,Aka,Ete,aka ete,Aro Abagana | Obi Mbu | Azu | Iyi | Mmili bu Ndu Azu | Orimiri / Oshimmiri / Ishimmiri | Idemmili | Egbe,Mother of the Sun | The first star | First vibrating light | Fish | River | Water Energy | Idemmili Goddess | Virgo | Aquarius | Kite,2 - Aka
AFA-02-06,Chapter 2: Aka,Aka Ijite or Aka Ogwute,Aka + Ijite / Ogwute,AKA__IJITE_OGWUTE,Aka,Ijite / Ogwute,aka ijite ; aka ijite or aka ogwute ; aka ogwute,Ala | Ani | Ana | Ndi ana,Land | Earth | Land spirits,2 - Aka
AFA-02-07,Chapter 2: Aka,Aka Obara,Aka + Obara / Obala,AKA__OBARA,Aka,Obara / Obala,aka obala ; aka obara,Udara | Odu | Ndi chizuru echizu | Ndi 'Umuodu' na 'Ikiti',Udara fruit | Titled person | People named 'Umuodu' and 'Ikiti',2 - Aka
AFA-02-08,Chapter 2: Aka,Aka Ora,Aka Ora,AKA__ORA,Aka,Ora,aka ora,Chi | Ulo | Ezumike | Chukwu | Mgba Aho | Aho/Aro | Eze Udene | Udene Agwu,Chi | House | Abode | Resting place | God | Source (Ancient Sun) | Aho’s Circle | Twelve Months | Agwu’s totem,2 - Aka
AFA-02-09,Chapter 2: Aka,Aka Okara,Aka + Okala / Okara,AKA__OKALA,Aka,Okala / Okara,aka okala ; aka okara,Ihe ajuru ahu | Osu | Ohu,Questionable thing | Something publicly rejected | Shrine devotee | Chosen one | Slave,2 - Aka
AFA-02-10,Chapter 2: Aka,Aka Ose,Aka Ose,AKA__OSE,Aka,Ose,aka ose,Akasa | Iyioji | Ogwugwu | Alusi | Aja Ana,Akashic records | Iyioji deity | Cosmic black sea | Ogwugwu deity | Earth consciousness | Astral light,2 - Aka
AFA-02-11,Chapter 2: Aka,Aka Obi,Aka + Obi / Ogbi,AKA__OBI,Aka,Obi / Ogbi,aka obi ; aka ogbi,Ikpa elo | Ikwado Ime Ihe,Discussion | Preparing to do something,2 - Aka
AFA-02-12,Chapter 2: Aka,Aka Odii,Aka Odii,AKA__ODII,Aka,Odii,aka odi ; aka odii,Aja Ana | Ani/Ana/Ala | Nde Ana,Earth consciousness | God of the land | Land deity | Earthlings,2 - Aka
AFA-02-13,Chapter 2: Aka,Aka Ofu,Aka + Ofu / Ovu,AKA__OFU,Aka,Ofu / Ovu,aka ofu ; aka ovu,Obi Chukwu | Be Chukwu | Chi | Chi Ukwu | Anyanwu,Astral home of Chukwu | Chi | Source (Ancient God) | Sun (Ancient Sun),2 - Aka
AFA-02-14,Chapter 2: Aka,Aka Ogheli,Aka + Ogheli / Ogoli / Ogholi,AKA__OGOLI,Aka,Ogheli / Ogoli / Ogholi,aka ogheli ; aka ogholi ; aka ogoli,Aro,Aro spirit | Year,2 - Aka
AFA-02-15,Chapter 2: Aka,Aka Otule,Aka Otule,AKA__OTULE,Aka,Otule,aka otule,Ofo | Ndi na aza “Ofoka” na “Ofoma”,Ofo | Mercury | Authority | Truth | People named Ofoka and Ofoma,2 - Aka
AFA-02-16,Chapter 2: Aka,Aka Ululu,Aka Ululu,AKA__ULULU,Aka,Ululu,aka ululu,Ndi Ushi Aka | Ndi Mbu | Ndichie n'obi | Ikwunne,First ancestors who arrived after death | Ancestors in their sacred abode | Mother’s side of the family,2 - Aka
AFA-03-01,Chapter 3: Akwu,Akwu Aka,Akwu Aka,AKWU__AKA,Akwu,Aka,akwu aka,Ebunu | Ude | Nkwo,Ram | Wind | Nkwo market day,3 - Akwu
AFA-03-02,Chapter 3: Akwu,Akwu Naabo,Akwu Naabo,AKWU__NAABO,Akwu,Naabo,akwu naabo,Ikwu ofu ebe | Inodu nkiti,Something standing one place | Being docile or passive,3 - Akwu
AFA-03-03,Chapter 3: Akwu,Akwu Aghali,Akwu Aghali,AKWU__AGHALI,Akwu,Aghali,akwu agali ; akwu aghali,Anu | Mmee | Akwali Omumu / Oda Omumu / Nne Omumu,Meat | Red meat | Animal | Blood | Centripetal energy | Procreative energy,3 - Akwu
AFA-03-04,Chapter 3: Akwu,Akwu Atulukpa,Akwu Atulukpa,AKWU__ATULUKPA,Akwu,Atulukpa,akwu atulukpa,Ulo Oji,Strong house | House built using Iroko,3 - Akwu
AFA-03-05,Chapter 3: Akwu,Akwu Ete,Akwu Ete,AKWU__ETE,Akwu,Ete,akwu ete,Osimili / Orimili | Iyi | Ihe na-ahio uzu | Uzu | Ebenebe,Open (body of) water | Sea | Ocean | Something that makes noise | Ebenebe Tree | Hen with chicks,3 - Akwu
AFA-03-06,Chapter 3: Akwu,Akwu Ijite or Akwu Ogwute,Akwu + Ijite / Ogwute,AKWU__IJITE_OGWUTE,Akwu,Ijite / Ogwute,akwu ijite ; akwu ijite or akwu ogwute ; akwu ogwute,Izu ezu | Ndi Mbu,Completion | First ones | Ancient ones,3 - Akwu
AFA-03-07,Chapter 3: Akwu,Akwu Obara,Akwu + Obara / Obala,AKWU__OBARA,Akwu,Obara / Obala,akwu obala ; akwu obara,Ato | Ndi Echichi | Di ka Ozo | Onye Ama-Ama | Ogbu Efi | Oke Efi,Ato Goddess (Nne Agwu/Nne Atu) | Titled persons | Similar to Ozo title holders | Cow | Taurus,3 - Akwu
AFA-03-08,Chapter 3: Akwu,Akwu Ora,Akwu Ora,AKWU__ORA,Akwu,Ora,akwu ora,Ulo | Be mmadu,Home | One's house,3 - Akwu
AFA-03-09,Chapter 3: Akwu,Akwu Okara,Akwu + Okala / Okara,AKWU__OKALA,Akwu,Okala / Okara,akwu okala ; akwu okara,Obi,Home | Altar | Heart | Sacred space,3 - Akwu
AFA-03-10,Chapter 3: Akwu,Akwu Ose,Akwu Ose,AKWU__OSE,Akwu,Ose,akwu ose,Ikenga Nwanyi | Uche | Nde Abo | Ndi Egede | Anya | Nde Dolu Anya,Feminine spiritual power | Wisdom | Divine mind | Second ancient ancestors,3 - Akwu
AFA-03-11,Chapter 3: Akwu,Akwu Obi,Akwu + Obi / Ogbi,AKWU__OBI,Akwu,Obi / Ogbi,akwu obi ; akwu ogbi,Eghu | Ewu Igwe | Ewu,Capricorn | Sky goat | Goat,3 - Akwu
AFA-03-12,Chapter 3: Akwu,Akwu Odii,Akwu Odii,AKWU__ODII,Akwu,Odii,akwu odi ; akwu odii,Onwu inochili mmadu uzo | Onunu,Death blocking one’s way | Gaping hole,3 - Akwu
AFA-03-13,Chapter 3: Akwu,Akwu Ofu,Akwu + Ofu / Ovu,AKWU__OFU,Akwu,Ofu / Ovu,akwu ofu ; akwu ovu,Uwa Nge | Eke | Komosu | Mgba-Nne-Chukwu | Eze-Onwekodo-Okike | Chi,Source World of all Existent Worlds | Mother God | Primordial nest | Womb | Divine mother,3 - Akwu
AFA-03-14,Chapter 3: Akwu,Akwu Ogheli,Akwu + Ogheli / Ogoli / Ogholi,AKWU__OGOLI,Akwu,Ogheli / Ogoli / Ogholi,akwu ogheli ; akwu ogholi ; akwu ogoli,Ihapu ulo | Onwu,Leaving home | Death,3 - Akwu
AFA-03-15,Chapter 3: Akwu,Akwu Otule,Akwu Otule,AKWU__OTULE,Akwu,Otule,akwu otule,Ihe a na-aku na-ada uda dika mgbilagba | Ubom | Ekwe | Ogene,Something that is stricken which makes a noise like a bell | Resounding sound,3 - Akwu
AFA-03-16,Chapter 3: Akwu,Akwu Ululu,Akwu Ululu,AKWU__ULULU,Akwu,Ululu,akwu ululu,Obi Ndichie,Ancestral home | Ancestral abode,3 - Akwu
AFA-04-01,Chapter 4: Atulukpa,Atulukpa Aka,Atulukpa Aka,ATULUKPA__AKA,Atulukpa,Aka,atulukpa aka,Ukpaka na-agba n’ufeke | Igbapu oso | Oso,Oil bean seed that explodes and seeds fly away | Running,4 - Atulukpa
AFA-04-02,Chapter 4: Atulukpa,Atulukpa Akwu,Atulukpa Akwu,ATULUKPA__AKWU,Atulukpa,Akwu,atulukpa akwu,Ogodo | Akwa,Wrapper | Cloth,4 - Atulukpa
AFA-04-03,Chapter 4: Atulukpa,Atulukpa Aghali,Atulukpa Aghali,ATULUKPA__AGHALI,Atulukpa,Aghali,atulukpa agali ; atulukpa aghali,Ife mmado,Something gummy,4 - Atulukpa
AFA-04-04,Chapter 4: Atulukpa,Atulukpa Naabo,Atulukpa Naabo,ATULUKPA__NAABO,Atulukpa,Naabo,atulukpa naabo,Udo | Ihe na ama Udo | Ife e kedolu ekedo | Agbu,Rope | Something that is tied up,4 - Atulukpa
AFA-04-05,Chapter 4: Atulukpa,Atulukpa Ete,Atulukpa Ete,ATULUKPA__ETE,Atulukpa,Ete,atulukpa ete,Ugbo | Dada | Ogbanje,Plan | Platform | Boat | Stage | Means of transport | Dreadlocks,4 - Atulukpa
AFA-04-06,Chapter 4: Atulukpa,Atulukpa Ogwute,Atulukpa + Ijite / Ogwute,ATULUKPA__IJITE_OGWUTE,Atulukpa,Ijite / Ogwute,atulukpa ijite ; atulukpa ogwute,Ndi Nze na Ozo,Ozo and Nze titled persons,4 - Atulukpa
AFA-04-07,Chapter 4: Atulukpa,Atulukpa Obara,Atulukpa + Obara / Obala,ATULUKPA__OBARA,Atulukpa,Obara / Obala,atulukpa obala ; atulukpa obara,Ukwu isi ike n'ana,Being alright | Grounded or rooted in the land,4 - Atulukpa
AFA-04-08,Chapter 4: Atulukpa,Atulukpa Ora,Atulukpa Ora,ATULUKPA__ORA,Atulukpa,Ora,atulukpa ora,Nseke,Disagreement | Setback,4 - Atulukpa
AFA-04-09,Chapter 4: Atulukpa,Atulukpa Okara,Atulukpa + Okala / Okara,ATULUKPA__OKALA,Atulukpa,Okala / Okara,atulukpa okala ; atulukpa okara,Ukwu isi ike n'ana | Aku,Being alright | Wealth,4 - Atulukpa
AFA-04-10,Chapter 4: Atulukpa,Atulukpa Ose,Atulukpa Ose,ATULUKPA__OSE,Atulukpa,Ose,atulukpa ose,Ife di obele,Something tiny,4 - Atulukpa
AFA-04-11,Chapter 4: Atulukpa,Atulukpa Obi,Atulukpa + Obi / Ogbi,ATULUKPA__OBI,Atulukpa,Obi / Ogbi,atulukpa obi ; atulukpa ogbi,Ndi Igbo | Igbanje,Igbo people | To go on a journey,4 - Atulukpa
AFA-04-12,Chapter 4: Atulukpa,Atulukpa Odii,Atulukpa Odii,ATULUKPA__ODII,Atulukpa,Odii,atulukpa odi ; atulukpa odii,Ndi Nze na Ozo,Nze na Ozo titled People | Ndi nna,4 - Atulukpa
AFA-04-13,Chapter 4: Atulukpa,Atulukpa Ofu,Atulukpa + Ofu / Ovu,ATULUKPA__OFU,Atulukpa,Ofu / Ovu,atulukpa ofu ; atulukpa ovu,Ife idi juu | Oyi,Something being cold,4 - Atulukpa
AFA-04-14,Chapter 4: Atulukpa,Atulukpa Ogheli,Atulukpa + Ogheli / Ogoli / Ogholi,ATULUKPA__OGOLI,Atulukpa,Ogheli / Ogoli / Ogholi,atulukpa ogheli ; atulukpa ogholi ; atulukpa ogoli,Nnukali na nsogbu maobu oria,Overcoming or being free from a problem or sickness,4 - Atulukpa
AFA-04-15,Chapter 4: Atulukpa,Atulukpa Otule,Atulukpa Otule,ATULUKPA__OTULE,Atulukpa,Otule,atulukpa otule,Ndi chiri echichi,Titled people | Acknowledged leaders | Those appointed to be in charge,4 - Atulukpa
AFA-04-16,Chapter 4: Atulukpa,Atulukpa Ululu,Atulukpa Ululu,ATULUKPA__ULULU,Atulukpa,Ululu,atulukpa ululu,Ndichie n'Obi | Afor,Ancestors in their meeting place | Afor market day,4 - Atulukpa
AFA-05-01,Chapter 5: Ete,Ete Aka,Ete Aka,ETE__AKA,Ete,Aka,ete aka,Ihe tere aka | Ihe meli gboo,Something very far | Something that happened in ancient past,5 - Ete
AFA-05-02,Chapter 5: Ete,Ete Akwu,Ete Akwu,ETE__AKWU,Ete,Akwu,ete akwu,Mkpotu | Uzu | Isi nne okuko,Noise | Hen with chicks,5 - Ete
AFA-05-03,Chapter 5: Ete,Ete Aghali,Ete Aghali,ETE__AGHALI,Ete,Aghali,ete agali ; ete aghali,Ibo mbo | Obo | Mbokili,Retaliation | Disagreement,5 - Ete
AFA-05-04,Chapter 5: Ete,Ete Atulukpa,Ete Atulukpa,ETE__ATULUKPA,Ete,Atulukpa,ete atulukpa,Nwaanyi | Ada,Female human | First daughter of a family,5 - Ete
AFA-05-05,Chapter 5: Ete,Ete Naabo,Ete Naabo,ETE__NAABO,Ete,Naabo,ete naabo,Ihe ibide | Ihe mberede | Mmili Ibida,Sudden event | Unexpected occurrence | Accident | Sudden heavy rain,5 - Ete
AFA-05-06,Chapter 5: Ete,Ete Ogwute or Ete Ijite,Ete + Ijite / Ogwute,ETE__IJITE_OGWUTE,Ete,Ijite / Ogwute,ete ijite ; ete ogwute ; ete ogwute or ete ijite,Akwkwo na ato | Nwaanyi muru nwa | Akwukwa,Cooking stove | A woman with children,5 - Ete
AFA-05-07,Chapter 5: Ete,Ete Obara,Ete + Obara / Obala,ETE__OBARA,Ete,Obara / Obala,ete obala ; ete obara,Mbala | Ihe ghe oghe | Ihe putara ihe,Width | Wide | Spacious | Open space | Something that is open or clear,5 - Ete
AFA-05-08,Chapter 5: Ete,Ete Ora,Ete Ora,ETE__ORA,Ete,Ora,ete ora,Igba ama | Ama | Amuma | Ikuku Chukwu | Ise,Ether | To reveal | Divination | Testify | Prophecy | Primal Energy | Actualization | Number five,5 - Ete
AFA-05-09,Chapter 5: Ete,Ete Okara,Ete + Okala / Okara,ETE__OKALA,Ete,Okala / Okara,ete okala ; ete okara,Agba e gburu egbu | Nwanyi,Broken promise | Unfulfilled pledge | Female,5 - Ete
AFA-05-10,Chapter 5: Ete,Ete Ose,Ete Ose,ETE__OSE,Ete,Ose,ete ose,Eziokwu | lyi | Inwu iyi | Onu Anwu | Ogwugwu,Truth | Sincerity | Oath | Justice | River | Oath-taking | Astral black holes | Bottomless ether hole,5 - Ete
AFA-05-11,Chapter 5: Ete,Ete Obi,Ete + Obi / Ogbi,ETE__OBI,Ete,Obi / Ogbi,ete obi ; ete ogbi,Ute Komosu | Mmiri | Ndi mmiri | Oshimili,Cosmic Mat | Water | Water spirits | Aquarius,5 - Ete
AFA-05-12,Chapter 5: Ete,Ete Odii,Ete Odii,ETE__ODII,Ete,Odii,ete odi ; ete odii,Ikwachi ife | Imechi ife | Mgbuchi,Complete something | Repair something | Mend or Close something | To block or blockage,5 - Ete
AFA-05-13,Chapter 5: Ete,Ete Ofu,Ete + Ofu / Ovu,ETE__OFU,Ete,Ofu / Ovu,ete ofu ; ete ovu,Ife idi mma | Ife iju oyi | Ogwugwu,A good thing | A cold thing | Dark matter | Pure vibrations,5 - Ete
AFA-05-14,Chapter 5: Ete,Ete Ogheli,Ete + Ogheli / Ogoli / Ogholi,ETE__OGOLI,Ete,Ogheli / Ogoli / Ogholi,ete ogheli ; ete ogholi ; ete ogoli,Okwu kpochiri,Closed matter,5 - Ete
AFA-05-15,Chapter 5: Ete,Ete Otule,Ete Otule,ETE__OTULE,Ete,Otule,ete otule,Oji | Ofo,Kola | Ofo,5 - Ete
AFA-05-16,Chapter 5: Ete,Ete Ululu,Ete Ululu,ETE__ULULU,Ete,Ululu,ete ululu,Nwaanyi obuna,Any female human being,5 - Ete
AFA-06-01,Chapter 6: Ijite (Ogwute),Ijite or Ogwute Aka,Ijite / Ogwute + Aka,IJITE_OGWUTE__AKA,Ijite / Ogwute,Aka,ijite aka ; ijite or ogwute aka ; ogwute aka,Ndu | Iwenyi aka ndu enu | Aka Ikenga | Adu,Life | Realm of Life | To have the hand or help or a life from above | Free from a problem | To be strengthened in life | Divine help | Ikenga spirit | Unindividualized human-spirit | God consciousness,6 - Ijite (Ogwute)
AFA-06-02,Chapter 6: Ijite (Ogwute),Ijite or Ogwute Akwu,Ijite / Ogwute + Akwu,IJITE_OGWUTE__AKWU,Ijite / Ogwute,Akwu,ijite akwu ; ijite or ogwute akwu ; ogwute akwu,"Akwali itili mmadu akwali | Ofia | Ndi bi n'ofia | Akwali Omumu (Nne Omumu, Omu, Oda Omumu)",Protection | To give one protection | Bush or forest | Beings that live in the bush | Omumu goddess of fertility and procreation,6 - Ijite (Ogwute)
AFA-06-03,Chapter 6: Ijite (Ogwute),Ijite or Ogwute Aghali,Ijite / Ogwute + Aghali,IJITE_OGWUTE__AGHALI,Ijite / Ogwute,Aghali,ijite agali ; ijite aghali ; ijite or ogwute aghali ; ogwute agali ; ogwute aghali,Anu nwere ukwu abuo,Two-legged animal,6 - Ijite (Ogwute)
AFA-06-04,Chapter 6: Ijite (Ogwute),Ijite or Ogwute Atulukpa,Ijite / Ogwute + Atulukpa,IJITE_OGWUTE__ATULUKPA,Ijite / Ogwute,Atulukpa,ijite atulukpa ; ijite or ogwute atulukpa ; ogwute atulukpa,Ntakwulu mmadu okwu,To whisper to someone,6 - Ijite (Ogwute)
AFA-06-05,Chapter 6: Ijite (Ogwute),Ijite or Ogwute Ete,Ijite / Ogwute + Ete,IJITE_OGWUTE__ETE,Ijite / Ogwute,Ete,ijite ete ; ijite or ogwute ete ; ogwute ete,Idemmili | Alusi bi na mmiri | Mmuo Mmiri | Mmiri | Ogwugwu | Ite | Okwute | Alusi bi na ofia | Agwa Agu | Ato | Akpu,Idemmili Goddess | Deity that lives in the water | Water Spirits | Water | I-am-ness of Water | Stone | Deity that lives in the bush or forest | Leo | Ato Goddess (Nne Agwu/Nne Atu) | Akpu Sacred Cotton tree | Constellation of Virgo,6 - Ijite (Ogwute)
AFA-06-06,Chapter 6: Ijite (Ogwute),Ijite or Ogwute Naabo,Ijite / Ogwute + Naabo,IJITE_OGWUTE__NAABO,Ijite / Ogwute,Naabo,ijite naabo ; ijite or ogwute naabo ; ogwute naabo,Ukwu | Ije | Uzo | Ogologo Uzo | Anyi,Journey | Roadside | Long road | Beingness,6 - Ijite (Ogwute)
AFA-06-07,Chapter 6: Ijite (Ogwute),Ijite or Ogwute Obara,Ijite / Ogwute + Obara / Obala,IJITE_OGWUTE__OBARA,Ijite / Ogwute,Obara / Obala,ijite obala ; ijite obara ; ijite or ogwute obara ; ogwute obala ; ogwute obara,Ukwu | Isi mmadu ike n’ana | Nzu,To be alright | To be firm on land,6 - Ijite (Ogwute)
AFA-06-08,Chapter 6: Ijite (Ogwute),Ijite or Ogwute Ora,Ijite / Ogwute + Ora,IJITE_OGWUTE__ORA,Ijite / Ogwute,Ora,ijite or ogwute ora ; ijite ora ; ogwute ora,Chi | Chi Ukwu,Chi,6 - Ijite (Ogwute)
AFA-06-09,Chapter 6: Ijite (Ogwute),Ijite or Ogwute Okara,Ijite / Ogwute + Okala / Okara,IJITE_OGWUTE__OKALA,Ijite / Ogwute,Okala / Okara,ijite okala ; ijite okara ; ijite or ogwute okara ; ogwute okala ; ogwute okara,Ukwu | Ukwu Mmadu,Leg | Human leg,6 - Ijite (Ogwute)
AFA-06-10,Chapter 6: Ijite (Ogwute),Ijite or Ogwute Ose,Ijite / Ogwute + Ose,IJITE_OGWUTE__OSE,Ijite / Ogwute,Ose,ijite or ogwute ose ; ijite ose ; ogwute ose,Alusi Udo | Alusi Edo | Oge Anyanwu | Ona Edo | Ihe na-eme nrughari | Anyanwu Ibo Odo,Udo deity | Prince of peace | Golden daughter of Idemmili | When the Sun turns into her golden color | Gold | Something untrustworthy or manipulative or unreliable | Sun turns golden yellow,6 - Ijite (Ogwute)
AFA-06-11,Chapter 6: Ijite (Ogwute),Ijite or Ogwute Obi,Ijite / Ogwute + Obi / Ogbi,IJITE_OGWUTE__OBI,Ijite / Ogwute,Obi / Ogbi,ijite obi ; ijite ogbi ; ijite or ogwute obi ; ogwute obi ; ogwute ogbi,Uro | Chi Ovuvo | Adima,Brightness | Better days,6 - Ijite (Ogwute)
AFA-06-12,Chapter 6: Ijite (Ogwute),Ijite or Ogwute Odii,Ijite / Ogwute + Odii,IJITE_OGWUTE__ODII,Ijite / Ogwute,Odii,ijite odi ; ijite odii ; ijite or ogwute odii ; ogwute odi ; ogwute odii,Iduu | Nwa Osha | Mmadu | Omalu | Ife na-eji nji | Mgbuchite | Anasi (Anyasi) | Uchichi,The enlightened wise person of knowledge and wisdom | Black or dark one | Something black or dark | Something that holds | Night,6 - Ijite (Ogwute)
AFA-06-13,Chapter 6: Ijite (Ogwute),Ijite or Ogwute Ofu,Ijite / Ogwute + Ofu / Ovu,IJITE_OGWUTE__OFU,Ijite / Ogwute,Ofu / Ovu,ijite ofu ; ijite or ogwute ofu ; ijite ovu ; ogwute ofu ; ogwute ovu,Chi | Inwe Chi,Chi | To have your Chi on your side,6 - Ijite (Ogwute)
AFA-06-14,Chapter 6: Ijite (Ogwute),Ijite or Ogwute Ogheli,Ijite / Ogwute + Ogheli / Ogoli / Ogholi,IJITE_OGWUTE__OGOLI,Ijite / Ogwute,Ogheli / Ogoli / Ogholi,ijite ogheli ; ijite ogholi ; ijite ogoli ; ijite or ogwute ogheli ; ogwute ogheli ; ogwute ogholi ; ogwute ogoli,Nkiti | Ihe Nkiti,Small thing | Inconsequential | Nothingness,6 - Ijite (Ogwute)
AFA-06-15,Chapter 6: Ijite (Ogwute),Ijite or Ogwute Otule,Ijite / Ogwute + Otule,IJITE_OGWUTE__OTULE,Ijite / Ogwute,Otule,ijite or ogwute otule ; ijite otule ; ogwute otule,Onwa | Anuli | Onu,Moon | I-am-ness of the Moon | Joy,6 - Ijite (Ogwute)
AFA-06-16,Chapter 6: Ijite (Ogwute),Ijite or Ogwute Ululu,Ijite / Ogwute + Ululu,IJITE_OGWUTE__ULULU,Ijite / Ogwute,Ululu,ijite or ogwute ululu ; ijite ululu ; ogwute ululu,Ahia Orie | Ima Oso | Ikpe,Orie market | Running | Arbitration,6 - Ijite (Ogwute)
AFA-07-01,Chapter 7: Obala (Obara),Obara Aka,Obara / Obala + Aka,OBARA__AKA,Obara / Obala,Aka,obala aka ; obara aka,Nkwadolu maobu,Supporting or backing someone in something,7 - Obala (Obara)
AFA-07-02,Chapter 7: Obala (Obara),Obara Akwu,Obara / Obala + Akwu,OBARA__AKWU,Obara / Obala,Akwu,obala akwu ; obara akwu,Ife ibu uka ife ikpa ike | Onye na ewu ewu | Mpkuru,Power of prophecy | Divine consciousness | Uncontrollable | Celebrity | Something becoming dangerous,7 - Obala (Obara)
AFA-07-03,Chapter 7: Obala (Obara),Obara Aghali,Obara / Obala + Aghali,OBARA__AGHALI,Obara / Obala,Aghali,obala agali ; obala aghali ; obara agali ; obara aghali,Ife mmee | Igbu anu,Something bloody | Animal Sacrifice,7 - Obala (Obara)
AFA-07-04,Chapter 7: Obala (Obara),Obara Atulukpa,Obara / Obala + Atulukpa,OBARA__ATULUKPA,Obara / Obala,Atulukpa,obala atulukpa ; obara atulukpa,Onye na-aba mba,Someone yelling or shouting,7 - Obala (Obara)
AFA-07-05,Chapter 7: Obala (Obara),Obara Ete,Obara / Obala + Ete,OBARA__ETE,Obara / Obala,Ete,obala ete ; obara ete,Ife ibu uka ife ikpa ike | Mpkuru,Uncontrollable | Something becoming dangerous,7 - Obala (Obara)
AFA-07-06,Chapter 7: Obala (Obara),Obara Ogwute or Obara Ijite,Obara / Obala + Ijite / Ogwute,OBARA__IJITE_OGWUTE,Obara / Obala,Ijite / Ogwute,obala ijite ; obala ogwute ; obara ijite ; obara ogwute ; obara ogwute or obara ijite,Agwu | Ikuku | Mmuo Ogirishi,Spirit of divination | Air | Ogiri-Ishi,7 - Obala (Obara)
AFA-07-07,Chapter 7: Obala (Obara),Obara Naabo,Obara / Obala + Naabo,OBARA__NAABO,Obara / Obala,Naabo,obala naabo ; obara naabo,Ife | Ihe | Ihe putara ihe | Anwu Anwu | Uchichi na Eshishe,Reality | Something that is real | Something that has come to reality | Night and Day,7 - Obala (Obara)
AFA-07-08,Chapter 7: Obala (Obara),Obara Ora,Obara / Obala + Ora,OBARA__ORA,Obara / Obala,Ora,obala ora ; obara ora,Ogwu | Ekwensu,Medicine | Something concocted,7 - Obala (Obara)
AFA-07-09,Chapter 7: Obala (Obara),Obara Okara,Obara / Obala + Okala / Okara,OBARA__OKALA,Obara / Obala,Okala / Okara,obala okala ; obala okara ; obara okala ; obara okara,Awuwo | Aghugho,Deceit | Trickery,7 - Obala (Obara)
AFA-07-10,Chapter 7: Obala (Obara),Obara Ose,Obara / Obala + Ose,OBARA__OSE,Obara / Obala,Ose,obala ose ; obara ose,Ogwu | Onye na agwo Ogwu | Onye afifia na Ogwu | Agwu,Medicine | Someone who makes Ogwu | Herbalist | Agwu,7 - Obala (Obara)
AFA-07-11,Chapter 7: Obala (Obara),Obara Obi,Obara / Obala + Obi / Ogbi,OBARA__OBI,Obara / Obala,Obi / Ogbi,obala obi ; obala ogbi ; obara obi ; obara ogbi,Ikwuota,Being worried,7 - Obala (Obara)
AFA-07-12,Chapter 7: Obala (Obara),Obara Odii,Obara / Obala + Odii,OBARA__ODII,Obara / Obala,Odii,obala odi ; obala odii ; obara odi ; obara odii,Iba Mba,Scolding | Yelling,7 - Obala (Obara)
AFA-07-13,Chapter 7: Obala (Obara),Obara Ofu,Obara / Obala + Ofu / Ovu,OBARA__OFU,Obara / Obala,Ofu / Ovu,obala ofu ; obala ovu ; obara ofu ; obara ovu,Mmanya | Mmanya oku,Drink | Hot drink,7 - Obala (Obara)
AFA-07-14,Chapter 7: Obala (Obara),Obara Ogheli,Obara / Obala + Ogheli / Ogoli / Ogholi,OBARA__OGOLI,Obara / Obala,Ogheli / Ogoli / Ogholi,obala ogheli ; obala ogholi ; obala ogoli ; obara ogheli ; obara ogholi ; obara ogoli,Ajija | Mkpuluobi | Atulu,Being worried | Sheep,7 - Obala (Obara)
AFA-07-15,Chapter 7: Obala (Obara),Obara Otule,Obara / Obala + Otule,OBARA__OTULE,Obara / Obala,Otule,obala otule ; obara otule,Umu Anwu | Dibia Afa | Dibia Aruike,Children of cosmic light | Enlightened ones | Dibia | Herbalist | Diviner,7 - Obala (Obara)
AFA-07-16,Chapter 7: Obala (Obara),Obara Ululu,Obara / Obala + Ululu,OBARA__ULULU,Obara / Obala,Ululu,obala ululu ; obara ululu,Ngwugwu | Nnekwu Ogwu | Ife arapuarapu,Wrapped item | Big charm | Something left alone,7 - Obala (Obara)
AFA-08-01,Chapter 8: Obi (Ogbi),Obi Aka,Obi / Ogbi + Aka,OBI__AKA,Obi / Ogbi,Aka,obi aka ; ogbi aka,Ojije,Going,8 - Obi (Ogbi)
AFA-08-02,Chapter 8: Obi (Ogbi),Obi Akwu,Obi / Ogbi + Akwu,OBI__AKWU,Obi / Ogbi,Akwu,obi akwu ; ogbi akwu,Otutu Madu | Ora | Enyi,Many people | Collective | World | Elephant | Very huge and mighty,8 - Obi (Ogbi)
AFA-08-03,Chapter 8: Obi (Ogbi),Obi Aghali,Obi / Ogbi + Aghali,OBI__AGHALI,Obi / Ogbi,Aghali,obi agali ; obi aghali ; ogbi agali ; ogbi aghali,Oriri | Ndaghali | Ife idako onu | Izuzu | Ndaka | Nghasa | Ihe na emebi ihe,Feasting | Merriment | Something happening coincidentally | Strong action | Something to go bad,8 - Obi (Ogbi)
AFA-08-04,Chapter 8: Obi (Ogbi),Obi Atulukpa,Obi / Ogbi + Atulukpa,OBI__ATULUKPA,Obi / Ogbi,Atulukpa,obi atulukpa ; ogbi atulukpa,Ikpo izu | Idokwe ife | Ichu aja,Call a meeting | Appeasement rite | Sacrifice | To prevent something from happening,8 - Obi (Ogbi)
AFA-08-05,Chapter 8: Obi (Ogbi),Obi Ete,Obi / Ogbi + Ete,OBI__ETE,Obi / Ogbi,Ete,obi ete ; ogbi ete,Okuku Agwu | Okuko | Nne okuko,Agwu Mystic Memory Bowl | Fowl | Female fowl,8 - Obi (Ogbi)
AFA-08-06,Chapter 8: Obi (Ogbi),Obi Ijite or Obi Ogwute,Obi / Ogbi + Ijite / Ogwute,OBI__IJITE_OGWUTE,Obi / Ogbi,Ijite / Ogwute,obi ijite ; obi ijite or obi ogwute ; obi ogwute ; ogbi ijite ; ogbi ogwute,Mgbugbo | Ife di n’mmadu n’akuku | Ngbochi,Boundary | Something beside or behind a person | Prevention,8 - Obi (Ogbi)
AFA-08-07,Chapter 8: Obi (Ogbi),Obi Obala,Obi / Ogbi + Obara / Obala,OBI__OBARA,Obi / Ogbi,Obara / Obala,obi obala ; obi obara ; ogbi obala ; ogbi obara,Ihihe | Ife meli na ihihe,Daylight | Something that took place in the open,8 - Obi (Ogbi)
AFA-08-08,Chapter 8: Obi (Ogbi),Obi Ora,Obi / Ogbi + Ora,OBI__ORA,Obi / Ogbi,Ora,obi ora ; ogbi ora,Ihe a hapuru ahapu | Ikwute Ume Ndu | Agwu Nsi,Something left alone | To take conscious breaths | Agwu,8 - Obi (Ogbi)
AFA-08-09,Chapter 8: Obi (Ogbi),Obi Okara,Obi / Ogbi + Okala / Okara,OBI__OKALA,Obi / Ogbi,Okala / Okara,obi okala ; obi okara ; ogbi okala ; ogbi okara,Agba e gburu egbu | Onye Obia,Appointment | Visitor,8 - Obi (Ogbi)
AFA-08-10,Chapter 8: Obi (Ogbi),Obi Ose,Obi / Ogbi + Ose,OBI__OSE,Obi / Ogbi,Ose,obi ose ; ogbi ose,Nso | Ife di nso | Abosi (Oboshi) | Abosi-Nwa-Isi-Udughudu,Near | Something closeby | Protective deity of Dibia,8 - Obi (Ogbi)
AFA-08-11,Chapter 8: Obi (Ogbi),Obi Naabo,Obi / Ogbi + Naabo,OBI__NAABO,Obi / Ogbi,Naabo,obi naabo ; ogbi naabo,Aru na Anu Aru | Ndi njem abuo | Ije ije ugbo abuo | Eje anaa | Iwa ibu | Ka anyi jeve,Dualistic physical forms | Two travelers | Embark on a journey twice | Going out and coming in | Things used to settle Chi | Let’s go,8 - Obi (Ogbi)
AFA-08-12,Chapter 8: Obi (Ogbi),Obi Odii,Obi / Ogbi + Odii,OBI__ODII,Obi / Ogbi,Odii,obi odi ; obi odii ; ogbi odi ; ogbi odii,Ife itua n’ukwusi ana,Something being very close,8 - Obi (Ogbi)
AFA-08-13,Chapter 8: Obi (Ogbi),Obi Ofu,Obi / Ogbi + Ofu / Ovu,OBI__OFU,Obi / Ogbi,Ofu / Ovu,obi ofu ; obi ovu ; ogbi ofu ; ogbi ovu,Igba mbo | Ime ihe di anaa,Hustle | Doing a surprising thing or something noteworthy,8 - Obi (Ogbi)
AFA-08-14,Chapter 8: Obi (Ogbi),Obi Ogheli,Obi / Ogbi + Ogheli / Ogoli / Ogholi,OBI__OGOLI,Obi / Ogbi,Ogheli / Ogoli / Ogholi,obi ogheli ; obi ogholi ; obi ogoli ; ogbi ogheli ; ogbi ogholi ; ogbi ogoli,Nwa Okuku | Ife di obere | Uburu,Chick | Something that is small,8 - Obi (Ogbi)
AFA-08-15,Chapter 8: Obi (Ogbi),Obi Otule,Obi / Ogbi + Otule,OBI__OTULE,Obi / Ogbi,Otule,obi otule ; ogbi otule,Anuli | Iji Ofo | Inwe ezi akaraaka,Happiness | Being truthful or to have spiritual authority | Good destiny,8 - Obi (Ogbi)
AFA-08-16,Chapter 8: Obi (Ogbi),Obi Ululu,Obi / Ogbi + Ululu,OBI__ULULU,Obi / Ogbi,Ululu,obi ululu ; ogbi ululu,Akwa | Akwa alili | Ajadu,Cry | Heavy or painful weeping | Widow or Widower,8 - Obi (Ogbi)
AFA-09-01,Chapter 9: Odii,Odii Aka,Odii Aka,ODII__AKA,Odii,Aka,odi aka ; odii aka,Ibu,Suffering | Load,9 - Odii
AFA-09-02,Chapter 9: Odii,Odii Akwu,Odii Akwu,ODII__AKWU,Odii,Akwu,odi akwu ; odii akwu,Ndeli | Iwe,Cosmic darkness | Anger,9 - Odii
AFA-09-03,Chapter 9: Odii,Odii Aghali,Odii Aghali,ODII__AGHALI,Odii,Aghali,odi agali ; odi aghali ; odii agali ; odii aghali,Nne Ike | Isa ivi | Isa asisa | Ugwa | Di na Nwunye,Mother of Ikenga | Open confession | Sleeping with relative | Husband and Wife,9 - Odii
AFA-09-04,Chapter 9: Odii,Odii Atulukpa,Odii Atulukpa,ODII__ATULUKPA,Odii,Atulukpa,odi atulukpa ; odii atulukpa,Oche,Grandmother (from father's land),9 - Odii
AFA-09-05,Chapter 9: Odii,Odii Ete,Odii Ete,ODII__ETE,Odii,Ete,odi ete ; odii ete,Idemmili | Agwa Agu | Egwu,Idemmili Goddess | Leo energy | Fear,9 - Odii
AFA-09-06,Chapter 9: Odii,Odii Ijite or Odii Ogwute,Odii + Ijite / Ogwute,ODII__IJITE_OGWUTE,Odii,Ijite / Ogwute,odi ijite ; odi ogwute ; odii ijite ; odii ijite or odii ogwute ; odii ogwute,Ana | Ani | Aja Ani | Oji | Nnekelechi,Land | Earth | Kolanut | Divine Mother that created Chi,9 - Odii
AFA-09-07,Chapter 9: Odii,Odii Obara,Odii + Obara / Obala,ODII__OBARA,Odii,Obara / Obala,odi obala ; odi obara ; odii obala ; odii obara,Ochie | Nne Nne | Nnechukwu | Nne Agwu Okpanku (Okponku) | Anwu Anwu,Grandmother | Divine Mother | Mother of the Deathless Light (anwu),9 - Odii
AFA-09-08,Chapter 9: Odii,Odii Ora,Odii Ora,ODII__ORA,Odii,Ora,odi ora ; odii ora,Aro Abagana | Iku Ume Ndu | Ime-Obi-Chukwu | Dibia Ume Ndu,Mother of the Sun | To birth new life | Meditative breathing | Breath of life | Air | Calming down | Consciousness | Alternative Medicine,9 - Odii
AFA-09-09,Chapter 9: Odii,Odii Okara,Odii + Okala / Okara,ODII__OKALA,Odii,Okala / Okara,odi okala ; odi okara ; odii okala ; odii okara,Nne Ochie | Ndi be nna | Nnukwu nna,Grandmother | Father’s homestead,9 - Odii
AFA-09-10,Chapter 9: Odii,Odii Ose,Odii Ose,ODII__OSE,Odii,Ose,odi ose ; odii ose,Nnekelechi | Uwa | Iwe,Mother that created Chi | The world | Anger,9 - Odii
AFA-09-11,Chapter 9: Odii,Odii Obi,Odii + Obi / Ogbi,ODII__OBI,Odii,Obi / Ogbi,odi obi ; odi ogbi ; odii obi ; odii ogbi,Udo | Akpa Ogwu | Agwu,Peace | Dibia’s medicine bag,9 - Odii
AFA-09-12,Chapter 9: Odii,Odii Naabo,Odii Naabo,ODII__NAABO,Odii,Naabo,odi naabo ; odii naabo,Ochichiri | Nderi (Ndeli) | Ime abali | Uchichi | Agwu | Ndeli Atu Egwu | Nwa Obinoko,Darkness | Primordial darkness | Night | Midnight | Agwu | Fearless old spirit lady,9 - Odii
AFA-09-13,Chapter 9: Odii,Odii Ofu,Odii + Ofu / Ovu,ODII__OFU,Odii,Ofu / Ovu,odi ofu ; odi ovu ; odii ofu ; odii ovu,Avo ime | Alu emetalu na afo ime | Igbudo aja ani,Pregnancy | An act that requires cleansing like “abortion”,9 - Odii
AFA-09-14,Chapter 9: Odii,Odii Ogheli,Odii + Ogheli / Ogoli / Ogholi,ODII__OGOLI,Odii,Ogheli / Ogoli / Ogholi,odi ogheli ; odi ogholi ; odi ogoli ; odii ogheli ; odii ogholi ; odii ogoli,Ogwugwu,Ogwugwu,9 - Odii
AFA-09-15,Chapter 9: Odii,Odii Otule,Odii Otule,ODII__OTULE,Odii,Otule,odi otule ; odii otule,Nna | Ndi nna | Be Nna,Father | Paternal relatives,9 - Odii
AFA-09-16,Chapter 9: Odii,Odii Ululu,Odii Ululu,ODII__ULULU,Odii,Ululu,odi ululu ; odii ululu,Ikwunne | Ndi Ikwunne | Ndi Ogo,Maternal home | Maternal relatives,9 - Odii
AFA-10-01,Chapter 10: Ogoli (Ogholi),Ogheli Aka,Ogheli / Ogoli / Ogholi + Aka,OGOLI__AKA,Ogheli / Ogoli / Ogholi,Aka,ogheli aka ; ogholi aka ; ogoli aka,Onunu | Ikwa Aya Mmadu,Gaping hole | Taking all that one has | Collecting ones property | Fight,10 - Ogoli (Ogholi)
AFA-10-02,Chapter 10: Ogoli (Ogholi),Ogheli Akwu,Ogheli / Ogoli / Ogholi + Akwu,OGOLI__AKWU,Ogheli / Ogoli / Ogholi,Akwu,ogheli akwu ; ogholi akwu ; ogoli akwu,Ihe a kwabatali akwabata | Okwu na Ukporo | Nwunye muru nwa | Nwa Unye | Eke Ogba Ijele,Something that is brought in | Sacred and Mundane time | Wife who gave birth | Symbol of Python Swallowing Its Own Tail,10 - Ogoli (Ogholi)
AFA-10-03,Chapter 10: Ogoli (Ogholi),Ogheli Aghali,Ogheli / Ogoli / Ogholi + Aghali,OGOLI__AGHALI,Ogheli / Ogoli / Ogholi,Aghali,ogheli agali ; ogheli aghali ; ogholi agali ; ogholi aghali ; ogoli agali ; ogoli aghali,Nwaanyi i pu n’ama | Ino na Nso,A woman being in her period | Menstruation,10 - Ogoli (Ogholi)
AFA-10-04,Chapter 10: Ogoli (Ogholi),Ogheli Atulukpa,Ogheli / Ogoli / Ogholi + Atulukpa,OGOLI__ATULUKPA,Ogheli / Ogoli / Ogholi,Atulukpa,ogheli atulukpa ; ogholi atulukpa ; ogoli atulukpa,Nwaanyi | Nne ochie,Woman,10 - Ogoli (Ogholi)
AFA-10-05,Chapter 10: Ogoli (Ogholi),Ogheli Ete,Ogheli / Ogoli / Ogholi + Ete,OGOLI__ETE,Ogheli / Ogoli / Ogholi,Ete,ogheli ete ; ogholi ete ; ogoli ete,Aro,Aro (Alusi/Spirit),10 - Ogoli (Ogholi)
AFA-10-06,Chapter 10: Ogoli (Ogholi),Ogheli Ogwute,Ogheli / Ogoli / Ogholi + Ijite / Ogwute,OGOLI__IJITE_OGWUTE,Ogheli / Ogoli / Ogholi,Ijite / Ogwute,ogheli ijite ; ogheli ogwute ; ogholi ijite ; ogholi ogwute ; ogoli ijite ; ogoli ogwute,Ovuve,Ovuve (agbara),10 - Ogoli (Ogholi)
AFA-10-07,Chapter 10: Ogoli (Ogholi),Ogheli Obara,Ogheli / Ogoli / Ogholi + Obara / Obala,OGOLI__OBARA,Ogheli / Ogoli / Ogholi,Obara / Obala,ogheli obala ; ogheli obara ; ogholi obala ; ogholi obara ; ogoli obala ; ogoli obara,Onwu | Ihe maobu onye nwuru anwu,Death | Something or someone that is dead,10 - Ogoli (Ogholi)
AFA-10-08,Chapter 10: Ogoli (Ogholi),Ogheli Ora,Ogheli / Ogoli / Ogholi + Ora,OGOLI__ORA,Ogheli / Ogoli / Ogholi,Ora,ogheli ora ; ogholi ora ; ogoli ora,Oya | Isi Mgbaka,Illness | Madness,10 - Ogoli (Ogholi)
AFA-10-09,Chapter 10: Ogoli (Ogholi),Ogheli Okara,Ogheli / Ogoli / Ogholi + Okala / Okara,OGOLI__OKALA,Ogheli / Ogoli / Ogholi,Okala / Okara,ogheli okala ; ogheli okara ; ogholi okala ; ogholi okara ; ogoli okala ; ogoli okara,Nnenwanyi Okpu | Okpu-ka-Okpu | Nwaanyi turu ime,Final primogenital authority | Sacred woman | Pregnant woman,10 - Ogoli (Ogholi)
AFA-10-10,Chapter 10: Ogoli (Ogholi),Ogheli Ose,Ogheli / Ogoli / Ogholi + Ose,OGOLI__OSE,Ogheli / Ogoli / Ogholi,Ose,ogheli ose ; ogholi ose ; ogoli ose,Ishele-eme-Chi Uwa | Nwanya Anwu | Ifere | Ife ifere,"Shylessness, the Chi of the world or universe | Sun Woman | Goddess Eye of Deathlessness | Fear | Fearful or Shameful thing",10 - Ogoli (Ogholi)
AFA-10-11,Chapter 10: Ogoli (Ogholi),Ogheli Obi,Ogheli / Ogoli / Ogholi + Obi / Ogbi,OGOLI__OBI,Ogheli / Ogoli / Ogholi,Obi / Ogbi,ogheli obi ; ogheli ogbi ; ogholi obi ; ogholi ogbi ; ogoli obi ; ogoli ogbi,Eso | Nsogbu | Ife Ike,Trouble | Problem | Difficulty,10 - Ogoli (Ogholi)
AFA-10-12,Chapter 10: Ogoli (Ogholi),Ogheli Odii,Ogheli / Ogoli / Ogholi + Odii,OGOLI__ODII,Ogheli / Ogoli / Ogholi,Odii,ogheli odi ; ogheli odii ; ogholi odi ; ogholi odii ; ogoli odi ; ogoli odii,Igado akaukwu,Holding or blocking someone,10 - Ogoli (Ogholi)
AFA-10-13,Chapter 10: Ogoli (Ogholi),Ogheli Ofu,Ogheli / Ogoli / Ogholi + Ofu / Ovu,OGOLI__OFU,Ogheli / Ogoli / Ogholi,Ofu / Ovu,ogheli ofu ; ogheli ovu ; ogholi ofu ; ogholi ovu ; ogoli ofu ; ogoli ovu,Afo olulu,Stomach ache,10 - Ogoli (Ogholi)
AFA-10-14,Chapter 10: Ogoli (Ogholi),Ogheli Naabo,Ogheli / Ogoli / Ogholi + Naabo,OGOLI__NAABO,Ogheli / Ogoli / Ogholi,Naabo,ogheli naabo ; ogholi naabo ; ogoli naabo,Onye na aku uta | Ife mberede | Agwu,Someone that complains | Something that happens suddenly,10 - Ogoli (Ogholi)
AFA-10-15,Chapter 10: Ogoli (Ogholi),Ogheli Otule,Ogheli / Ogoli / Ogholi + Otule,OGOLI__OTULE,Ogheli / Ogoli / Ogholi,Otule,ogheli otule ; ogholi otule ; ogoli otule,Ofufe | Ogwugwu,Ofufe (agbara) | Ogwugwu,10 - Ogoli (Ogholi)
AFA-10-16,Chapter 10: Ogoli (Ogholi),Ogheli Ululu,Ogheli / Ogoli / Ogholi + Ululu,OGOLI__ULULU,Ogheli / Ogoli / Ogholi,Ululu,ogheli ululu ; ogholi ululu ; ogoli ululu,Nwaanyi Ajadi | Igbamkpe,A woman mourning her husband | Widow | Mourning,10 - Ogoli (Ogholi)
AFA-11-01,Chapter 11: Okala,Okala Aka,Okala / Okara + Aka,OKALA__AKA,Okala / Okara,Aka,okala aka ; okara aka,Alu | Ita alu | Ife na-ata alu dika nkita,Bite | Anything that bites like a dog,11 - Okala
AFA-11-02,Chapter 11: Okala,Okala Akwu,Okala / Okara + Akwu,OKALA__AKWU,Okala / Okara,Akwu,okala akwu ; okara akwu,Ofia | Ajo Ofia | Ugwu | Ndi bi na ugwu | Arobinagu,Forest | Evil Forest | Mountain | Those that live on the mountain | Arobinagu,11 - Okala
AFA-11-03,Chapter 11: Okala,Okala Aghali,Okala / Okara + Aghali,OKALA__AGHALI,Okala / Okara,Aghali,okala agali ; okala aghali ; okara agali ; okara aghali,Ife a bosari abosa | Nkasa,Something that has been dissolved,11 - Okala
AFA-11-04,Chapter 11: Okala,Okala Atulukpa,Okala / Okara + Atulukpa,OKALA__ATULUKPA,Okala / Okara,Atulukpa,okala atulukpa ; okara atulukpa,Nkaliuka,Discussion,11 - Okala
AFA-11-05,Chapter 11: Okala,Okala Ete,Okala / Okara + Ete,OKALA__ETE,Okala / Okara,Ete,okala ete ; okara ete,Ndi Egede | Ndi Ana | Ndi Mmili | Akpu | Akpu Nwanya | Akpu Nwa Eze Dibia | Akpu Nwa Eje-Ana | Nwanyi Dibia,Second ancient ancestors | Inhabitants of the earth and water | Akpu Sacred Cotton tree,11 - Okala
AFA-11-06,Chapter 11: Okala,Okala Ogwute,Okala / Okara + Ijite / Ogwute,OKALA__IJITE_OGWUTE,Okala / Okara,Ijite / Ogwute,okala ijite ; okala ogwute ; okara ijite ; okara ogwute,Agwu,Agwu,11 - Okala
AFA-11-07,Chapter 11: Okala,Okala Obara,Okala / Okara + Obara / Obala,OKALA__OBARA,Okala / Okara,Obara / Obala,okala obala ; okala obara ; okara obala ; okara obara,Awuwo | Ntu,Cunning | Lies,11 - Okala
AFA-11-08,Chapter 11: Okala,Okala Ora,Okala / Okara + Ora,OKALA__ORA,Okala / Okara,Ora,okala ora ; okara ora,Anyanwu | Ike | Ngwu | Ogwu | Ndi Mbu,Half Sun | Centrifugal energy | Active force or positive charge | Ngwu sacred tree | Medicine | Charm | First ancestors | Shining ones,11 - Okala
AFA-11-09,Chapter 11: Okala,Okara Naabo,Okala / Okara + Naabo,OKALA__NAABO,Okala / Okara,Naabo,okala naabo ; okara naabo,Ejima | Dokpu | Ihe zogali azoga,Twins | Gemini | Dragging | Something that was fought over,11 - Okala
AFA-11-10,Chapter 11: Okala,Okala Ose,Okala / Okara + Ose,OKALA__OSE,Okala / Okara,Ose,okala ose ; okara ose,Ogwu | Ngwu | Iko mmanya | Iko nkwu Dibia | Iko Dibia | Nsi | Uzi,Charm | Ngwu tree | Sacred cup | Chalice | Poison | Shameful things,11 - Okala
AFA-11-11,Chapter 11: Okala,Okala Obi,Okala / Okara + Obi / Ogbi,OKALA__OBI,Okala / Okara,Obi / Ogbi,okala obi ; okala ogbi ; okara obi ; okara ogbi,Ikpa ako | Ikpalo | Eziokwu,Contribution of idea | Sharing intellect | Discussion | To tell the truth,11 - Okala
AFA-11-12,Chapter 11: Okala,Okala Odii,Okala / Okara + Odii,OKALA__ODII,Okala / Okara,Odii,okala odi ; okala odii ; okara odi ; okara odii,Isu udee,Wallowing in pain,11 - Okala
AFA-11-13,Chapter 11: Okala,Okala Ofu,Okala / Okara + Ofu / Ovu,OKALA__OFU,Okala / Okara,Ofu / Ovu,okala ofu ; okala ovu ; okara ofu ; okara ovu,Nkwu | Ukwu Nkwu | Ojukwu Nwanya Mma,Palm | Palm tree,11 - Okala
AFA-11-14,Chapter 11: Okala,Okala Ogheli,Okala / Okara + Ogheli / Ogoli / Ogholi,OKALA__OGOLI,Okala / Okara,Ogheli / Ogoli / Ogholi,okala ogheli ; okala ogholi ; okala ogoli ; okara ogheli ; okara ogholi ; okara ogoli,Ekwensu | Uke,Ekwensu | Following spirits | Bad omen,11 - Okala
AFA-11-15,Chapter 11: Okala,Okala Otule,Okala / Okara + Otule,OKALA__OTULE,Okala / Okara,Otule,okala otule ; okara otule,Ezigbo okwu,Truth | Quality words,11 - Okala
AFA-11-16,Chapter 11: Okala,Okala Ululu,Okala / Okara + Ululu,OKALA__ULULU,Okala / Okara,Ululu,okala ululu ; okara ululu,Agwo | Nnekwu ogwu | Irapu Ife,Snake | Big charm | To leave something alone,11 - Okala
AFA-12-01,Chapter 12: Ora,Ora Aka,Ora Aka,ORA__AKA,Ora,Aka,ora aka,Nra,Fine,12 - Ora
AFA-12-02,Chapter 12: Ora,Ora Akwu,Ora Akwu,ORA__AKWU,Ora,Akwu,ora akwu,Ngana | Ihe na-adiro mma | Uchu,Dearth | Something that is not good | Impurities | Filth | Abominable | Curse,12 - Ora
AFA-12-03,Chapter 12: Ora,Ora Aghali,Ora Aghali,ORA__AGHALI,Ora,Aghali,ora agali ; ora aghali,Umunna | Ora | Ihe di n'igwe,Kindred | Collective | Something in group,12 - Ora
AFA-12-04,Chapter 12: Ora,Ora Atulukpa,Ora Atulukpa,ORA__ATULUKPA,Ora,Atulukpa,ora atulukpa,Ada | Umuada,First daughter | Daughters of the land,12 - Ora
AFA-12-05,Chapter 12: Ora,Ora Ete,Ora Ete,ORA__ETE,Ora,Ete,ora ete,Akwa | Mmiri,Cry | Water,12 - Ora
AFA-12-06,Chapter 12: Ora,Ora Ogwute,Ora + Ijite / Ogwute,ORA__IJITE_OGWUTE,Ora,Ijite / Ogwute,ora ijite ; ora ogwute,Utobo | Etiti nwa,Land monkey | Orangutan | Middle child,12 - Ora
AFA-12-07,Chapter 12: Ora,Ora Obara,Ora + Obara / Obala,ORA__OBARA,Ora,Obara / Obala,ora obala ; ora obara,Ugo | Ugbene Ugo | Ekwensu | Ife Ekwensu | Itulu ugo | Abubo Ugo | Ihe N'emebi Ihe | Eshishe | Etiti Ehishe | Osu Eshise | Umu Anwu,Eagle | Eagle feather | Ekwensu | Something belonging to or influenced by Ekwensu | Something that spoils things | Afternoon | Daylight | Children of Light,12 - Ora
AFA-12-08,Chapter 12: Ora,Ora Naabo,Ora Naabo,ORA__NAABO,Ora,Naabo,ora naabo,Eke | Okike | Ututu | Osisa Chi | Chi Ofufo | Oku,Eke day | Light | Day | Fire,12 - Ora
AFA-12-09,Chapter 12: Ora,Ora Okara,Ora + Okala / Okara,ORA__OKALA,Ora,Okala / Okara,ora okala ; ora okara,Odogwu Ozala | Nwoke Ike | Ndi Nze,Zal the scorpion | Scorpio | Tough Stong Man | Titled men,12 - Ora
AFA-12-10,Chapter 12: Ora,Ora Ose,Ora Ose,ORA__OSE,Ora,Ose,ora ose,Uta | Omalu,Arrow | Sickness | Scholar,12 - Ora
AFA-12-11,Chapter 12: Ora,Ora Obi,Ora + Obi / Ogbi,ORA__OBI,Ora,Obi / Ogbi,ora obi ; ora ogbi,Nwanne Enwe bu Edi | Enwe | Ndi otu okwu,Monkey’s relation or sibling is the Civet-cat | Lemur | Monkey | Monkey God | Group of friends | Discussion group | Relation,12 - Ora
AFA-12-12,Chapter 12: Ora,Ora Odii,Ora Odii,ORA__ODII,Ora,Odii,ora odi ; ora odii,Ogba-golo-golo | Nti | Ichinti,Ogba-golo-golo plant | Ear | Deafness | To be hard of hearing | Concealed Sun.,12 - Ora
AFA-12-13,Chapter 12: Ora,Ora Ofu,Ora + Ofu / Ovu,ORA__OFU,Ora,Ofu / Ovu,ora ofu ; ora ovu,Mu | Nwa ‘Mu’ | Nwanne otu okwu,“Mu’s” Child | Relation of one mother,12 - Ora
AFA-12-14,Chapter 12: Ora,Ora Ogheli,Ora + Ogheli / Ogoli / Ogholi,ORA__OGOLI,Ora,Ogheli / Ogoli / Ogholi,ora ogheli ; ora ogholi ; ora ogoli,Nwata nwoke,Male child,12 - Ora
AFA-12-15,Chapter 12: Ora,Ora Otule,Ora Otule,ORA__OTULE,Ora,Otule,ora otule,Diokpara | Onye Isi,First son | Leader,12 - Ora
AFA-12-16,Chapter 12: Ora,Ora Ululu,Ora Ululu,ORA__ULULU,Ora,Ululu,ora ululu,Ihe a juru aju,Something that is rejected,12 - Ora
AFA-13-01,Chapter 13: Ose,Ose Aka,Ose Aka,OSE__AKA,Ose,Aka,ose aka,Anya Eji Afu Mmuo | Onye Agwu di n’anya | Onya Ala | Onye Efio,Spiritual eyes | One who is imbued with eye of Nne Agwu or One who sees the spirit | Mad person (Agwu inflicted madness) | Rascal person,13 - Ose
AFA-13-02,Chapter 13: Ose,Ose Akwu,Ose Akwu,OSE__AKWU,Ose,Akwu,ose akwu,Ahia | Izu ahia,Market | Trade,13 - Ose
AFA-13-03,Chapter 13: Ose,Ose Aghali,Ose Aghali,OSE__AGHALI,Ose,Aghali,ose agali ; ose aghali,Igba Mmadu Apa | Ihe di ocha,To inflict injury on someone | Something that is clean or white,13 - Ose
AFA-13-04,Chapter 13: Ose,Ose Atulukpa,Ose Atulukpa,OSE__ATULUKPA,Ose,Atulukpa,ose atulukpa,Nsete ihe | Inwete ihe | Iganiru,Picking something up | Receiving something | Progressively moving forward,13 - Ose
AFA-13-05,Chapter 13: Ose,Ose Ete,Ose Ete,OSE__ETE,Ose,Ete,ose ete,Oke Agwu | Inye mmadu ihe | Iseli ihe | Iwelu Ife gi,Oke Agwu | Give someone something | To pick something | Something that has been brought | To take something from you,13 - Ose
AFA-13-06,Chapter 13: Ose,Ose Ogwute,Ose + Ijite / Ogwute,OSE__IJITE_OGWUTE,Ose,Ijite / Ogwute,ose ijite ; ose ogwute,Njidesi Ihe ma obu Mmadu Ike | Njide,Holding something or a person tight | To hold something | Earth’s magnetic pull | Tuber of food crops,13 - Ose
AFA-13-07,Chapter 13: Ose,Ose Obara,Ose + Obara / Obala,OSE__OBARA,Ose,Obara / Obala,ose obala ; ose obara,Agwu Agwu | Anwu | Nzu | Ichi echichi | Oganiru | Ima nzu | Ihe di ocha,Agwu as God of Light | Symbol of purity | Title taking | Progress | Something white or that shines bright,13 - Ose
AFA-13-08,Chapter 13: Ose,Ose Ora,Ose Ora,OSE__ORA,Ose,Ora,ose ora,Aka Uche | Uchechukwu | Iche echiche | Anya eji afu uzo | Anya kolu nenu | Onye obi ya kwefelu n’enu,Divine Mind | Universal Mind | Universal Consciousness | Thought | Thinking | The eye with which one sees the Spirit and the world | One whose eye is hanging up in the sky,13 - Ose
AFA-13-09,Chapter 13: Ose,Ose Okara,Ose + Okala / Okara,OSE__OKALA,Ose,Okala / Okara,ose okala ; ose okara,Ihe a juru aju | Nwucha | Idi ocha | Onye Nze,Something rejected | To be clean | Ozo titled person,13 - Ose
AFA-13-10,Chapter 13: Ose,Ose Naabo,Ose Naabo,OSE__NAABO,Ose,Naabo,ose naabo,Ihe e ji anya fu | Anya eji afu uzo | Ife afuruaya | Ihe nnene | Ihe ghere oghe,Something seen with the eye | Two eyes with which one sees the mortal world | Clairvoyant eyes | Spiritual eye | Something open,13 - Ose
AFA-13-11,Chapter 13: Ose,Ose Obi,Ose + Obi / Ogbi,OSE__OBI,Ose,Obi / Ogbi,ose obi ; ose ogbi,Ila di | Ahia | Izu Ahia,Sexual intercourse | Market | Trade,13 - Ose
AFA-13-12,Chapter 13: Ose,Ose Odii,Ose Odii,OSE__ODII,Ose,Odii,ose odi ; ose odii,Dibia Oji | Nde Ana | Onye anya lulu ana | Onye anya dolu | Iwe,Ancient black mystics | Itinerant Igbo Dibias (Explorers) | One who has come to clarity | One who sees very deeply | To be angry,13 - Ose
AFA-13-13,Chapter 13: Ose,Ose Ofu,Ose + Ofu / Ovu,OSE__OFU,Ose,Ofu / Ovu,ose ofu ; ose ovu,Agwu | Oshi | Amosu,Agwu | Theft | Witchcraft,13 - Ose
AFA-13-14,Chapter 13: Ose,Ose Ogheli,Ose + Ogheli / Ogoli / Ogholi,OSE__OGOLI,Ose,Ogheli / Ogoli / Ogholi,ose ogheli ; ose ogholi ; ose ogoli,Iyi | Ife mmebi,Something spoiling | Total destroyer | Total loss,13 - Ose
AFA-13-15,Chapter 13: Ose,Ose Otule,Ose Otule,OSE__OTULE,Ose,Otule,ose otule,Onu | Obi Mbu | Anuli,"Sothis (Sirius), the brightest star in the sky | Joy | Happiness",13 - Ose
AFA-13-16,Chapter 13: Ose,Ose Ululu,Ose Ululu,OSE__ULULU,Ose,Ululu,ose ululu,Anya Nkiti | Anya eji-afu Mmadu | Ife a juru aju | Ulukpu | Agbulu Ukwu,Ordinary eyes | Physical eyes | Something that is rejected | Aether | Clouds | Cloud gatherer | Great Agbulu,13 - Ose
AFA-14-01,Chapter 14: Ofu (Ovu),Ofu Aka,Ofu / Ovu + Aka,OFU__AKA,Ofu / Ovu,Aka,ofu aka ; ovu aka,Aka Ndu | Ndu | Okike | Mgbakali,Life path | Life | Creation | Freedom,14 - Ofu (Ovu)
AFA-14-02,Chapter 14: Ofu (Ovu),Ofu Akwu,Ofu / Ovu + Akwu,OFU__AKWU,Ofu / Ovu,Akwu,ofu akwu ; ovu akwu,Chi Ukwu | Nzuko | Ogbako | Otukwu,Great spirit of limitlessness | Meeting | Gathering | Conference | Forest–Water–Mineral elemental world i.e. mind and memory realm of the earth,14 - Ofu (Ovu)
AFA-14-03,Chapter 14: Ofu (Ovu),Ofu Aghali,Ofu / Ovu + Aghali,OFU__AGHALI,Ofu / Ovu,Aghali,ofu agali ; ofu aghali ; ovu agali ; ovu aghali,Ike Chukwu | Ife mmee | Igbupu obara,Spiritual activeness | Something bloody | Something causing bleeding,14 - Ofu (Ovu)
AFA-14-04,Chapter 14: Ofu (Ovu),Ofu Atulukpa,Ofu / Ovu + Atulukpa,OFU__ATULUKPA,Ofu / Ovu,Atulukpa,ofu atulukpa ; ovu atulukpa,Ihe di mma | Ifeoma,Something good | Blessings,14 - Ofu (Ovu)
AFA-14-05,Chapter 14: Ofu (Ovu),Ofu Ete,Ofu / Ovu + Ete,OFU__ETE,Ofu / Ovu,Ete,ofu ete ; ovu ete,Mkporu | Uru,Sorrow | Mourning,14 - Ofu (Ovu)
AFA-14-06,Chapter 14: Ofu (Ovu),Ofu Ijite or Ofu Ogwute,Ofu / Ovu + Ijite / Ogwute,OFU__IJITE_OGWUTE,Ofu / Ovu,Ijite / Ogwute,ofu ijite ; ofu ijite or ofu ogwute ; ofu ogwute ; ovu ijite ; ovu ogwute,Ife e gbodoru egbodo | Ichi aka kwedo,Blockaid | Something struggling to move forward or succeed,14 - Ofu (Ovu)
AFA-14-07,Chapter 14: Ofu (Ovu),Ofu Obara,Ofu / Ovu + Obara / Obala,OFU__OBARA,Ofu / Ovu,Obara / Obala,ofu obala ; ofu obara ; ovu obala ; ovu obara,Iyi Akwu | Anwu Anwu | Nzu | Mmanya,Ether | Sun | Koalin | Symbolizing purity | Drink,14 - Ofu (Ovu)
AFA-14-08,Chapter 14: Ofu (Ovu),Ofu Ora,Ofu / Ovu + Ora,OFU__ORA,Ofu / Ovu,Ora,ofu ora ; ovu ora,Chukwu | Anyanwu na Ubosi | Anyanwu na Agbala | Eziokwu | Okochi | Nwanya Anwu na Eze Enu | Ogilishi,God | The Absolute or Highest attainable state | Day and Night | Light and Darkness | Truth | Dry Season | Sun Woman and the Sky King | Ogilisi sacred plant,14 - Ofu (Ovu)
AFA-14-09,Chapter 14: Ofu (Ovu),Ofu Okala,Ofu / Ovu + Okala / Okara,OFU__OKALA,Ofu / Ovu,Okala / Okara,ofu okala ; ofu okara ; ovu okala ; ovu okara,Ifeocha ukwu na aka | Ofala,Ablution | Washing hands and feet | Celebration of the first half of reign,14 - Ofu (Ovu)
AFA-14-10,Chapter 14: Ofu (Ovu),Ofu Ose,Ofu / Ovu + Ose,OFU__OSE,Ofu / Ovu,Ose,ofu ose ; ovu ose,Ajo nni | E ri nri na-adighi mmadu mma na e ri | Akpu,Bad food | Eating something that is not good for the body | Cassava plant,14 - Ofu (Ovu)
AFA-14-11,Chapter 14: Ofu (Ovu),Ofu Obi,Ofu / Ovu + Obi / Ogbi,OFU__OBI,Ofu / Ovu,Obi / Ogbi,ofu obi ; ofu ogbi ; ovu obi ; ovu ogbi,Ajo jie | Ije na-adighi mma,Bad journey | Something not being good | Oneness,14 - Ofu (Ovu)
AFA-14-12,Chapter 14: Ofu (Ovu),Ofu Odii,Ofu / Ovu + Odii,OFU__ODII,Ofu / Ovu,Odii,ofu odi ; ofu odii ; ovu odi ; ovu odii,Aru | Igbudo aja ani | Ndi Egede,Abomination | A committed act that requires cleansing | Ancestors who came into the world when the first abomination was committed,14 - Ofu (Ovu)
AFA-14-13,Chapter 14: Ofu (Ovu),Ofu Naabo,Ofu / Ovu + Naabo,OFU__NAABO,Ofu / Ovu,Naabo,ofu naabo ; ovu naabo,Afufu,Hardship | Suffering,14 - Ofu (Ovu)
AFA-14-14,Chapter 14: Ofu (Ovu),Ofu Ogheli,Ofu / Ovu + Ogheli / Ogoli / Ogholi,OFU__OGOLI,Ofu / Ovu,Ogheli / Ogoli / Ogholi,ofu ogheli ; ofu ogholi ; ofu ogoli ; ovu ogheli ; ovu ogholi ; ovu ogoli,Okpu-Nwanyi-Nono | Ime Efio | Iko Ikpa,Great Matriach | Final Primogenital Authority | Rascality | Being heady,14 - Ofu (Ovu)
AFA-14-15,Chapter 14: Ofu (Ovu),Ofu Otule,Ofu / Ovu + Otule,OFU__OTULE,Ofu / Ovu,Otule,ofu otule ; ovu otule,Onu | Anuli,Sirius | Gladness,14 - Ofu (Ovu)
AFA-14-16,Chapter 14: Ofu (Ovu),Ofu Ululu,Ofu / Ovu + Ululu,OFU__ULULU,Ofu / Ovu,Ululu,ofu ululu ; ovu ululu,Njo | Ife jochali nio meche di mma,Bad | Something that was bad and later became good,14 - Ofu (Ovu)
AFA-15-01,Chapter 15: Otule,Otule Aka,Otule Aka,OTULE__AKA,Otule,Aka,otule aka,Mkpu | Iti Mpku | Mkpuani,Loud announcement | Public announcement | To be loud | Anthill,15 - Otule
AFA-15-02,Chapter 15: Otule,Otule Akwu,Otule Akwu,OTULE__AKWU,Otule,Akwu,otule akwu,Uzu | Ihio Uzu,Noise | Make noise,15 - Otule
AFA-15-03,Chapter 15: Otule,Otule Aghali,Otule Aghali,OTULE__AGHALI,Otule,Aghali,otule agali ; otule aghali,Iyi | Azu,Oath | fish,15 - Otule
AFA-15-04,Chapter 15: Otule,Otule Atulukpa,Otule Atulukpa,OTULE__ATULUKPA,Otule,Atulukpa,otule atulukpa,Itakwuokwu | Ntamu,Whispering | Soliloquizing,15 - Otule
AFA-15-05,Chapter 15: Otule,Otule Ete,Otule Ete,OTULE__ETE,Otule,Ete,otule ete,Ila di | Utu | Uta | Igwe (Alusi Igwe) | Uta Igwe na-agba Ana | Enigwe na-agba Ana Uta | Onu/Oni | Onunu | Ogwugwu,Sex | Penis | Arrow | Igwe deity | Sagittarius | (Energetic) Hole | Void,15 - Otule
AFA-15-06,Chapter 15: Otule,Otule Ijite or Otule Ogwute,Otule + Ijite / Ogwute,OTULE__IJITE_OGWUTE,Otule,Ijite / Ogwute,otule ijite ; otule ijite or otule ogwute ; otule ogwute,Ikpu Ihe | Ikpu Aka n'Onu | Otinku (Okuko a ma na o bu oke) | Nne okuko | Ikpu Ife Joro Njo,To remove something | Male fowl | Female fowl | Remove or cover a bad thing,15 - Otule
AFA-15-07,Chapter 15: Otule,Otule Obara,Otule + Obara / Obala,OTULE__OBARA,Otule,Obara / Obala,otule obala ; otule obara,Ugo | Idi Aso,Eagle | Being holy,15 - Otule
AFA-15-08,Chapter 15: Otule,Otule Ora,Otule Ora,OTULE__ORA,Otule,Ora,otule ora,Okwu a nuru na nu | Inuru okwu,Words heard | Understood words,15 - Otule
AFA-15-09,Chapter 15: Otule,Otule Okara,Otule + Okala / Okara,OTULE__OKALA,Otule,Okala / Okara,otule okala ; otule okara,Igba Agba | Ika Ihe,Giving appointment | To give date for something | To fix something,15 - Otule
AFA-15-10,Chapter 15: Otule,Otule Ose,Otule Ose,OTULE__OSE,Otule,Ose,otule ose,Ajookwu | Ikwu Ajo Onu | Mma Oge | Ogbu Abani,Bad speech | Foul words | Provoking talk | Speaking with a bad mouth | Defensive Knife | Knife of time,15 - Otule
AFA-15-11,Chapter 15: Otule,Otule Obi,Otule + Obi / Ogbi,OTULE__OBI,Otule,Obi / Ogbi,otule obi ; otule ogbi,Ile oma,Politeness | A display of goodness | Visibly good,15 - Otule
AFA-15-12,Chapter 15: Otule,Otule Odii,Otule Odii,OTULE__ODII,Otule,Odii,otule odi ; otule odii,Ihe di n'ukwu | Nnekwute ihe | Egbe | Ihe na ada uda,Something big or grand | Greatness | Gun | Something that makes a loud sound,15 - Otule
AFA-15-13,Chapter 15: Otule,Otule Ofu,Otule + Ofu / Ovu,OTULE__OFU,Otule,Ofu / Ovu,otule ofu ; otule ovu,Ile oma,Politeness | A display of positivity | Visibly good,15 - Otule
AFA-15-14,Chapter 15: Otule,Otule Ogheli,Otule + Ogheli / Ogoli / Ogholi,OTULE__OGOLI,Otule,Ogheli / Ogoli / Ogholi,otule ogheli ; otule ogholi ; otule ogoli,"Onye Ehio | Ehio | (Onye Evio, evio) | Nzuzu | Ofeke",Rascal someone | Rascally | Stupidity | Ignorant or unitiated person,15 - Otule
AFA-15-15,Chapter 15: Otule,Otule Naabo,Otule Naabo,OTULE__NAABO,Otule,Naabo,otule naabo,Okike | Ikpe abuo | Okwu n'uka,Okike instrument that talks | Two cases | Dispute,15 - Otule
AFA-15-16,Chapter 15: Otule,Otule Ululu,Otule Ululu,OTULE__ULULU,Otule,Ululu,otule ululu,Ahia Afo | Afo | Onu Ututu,Afo Market day | Earth | Land | Early (6am) in the morning,15 - Otule
AFA-16-01,Chapter 16: Ululu,Ululu Aka,Ululu Aka,ULULU__AKA,Ululu,Aka,ululu aka,Ji | Ulu,Yam | Benefits | Favour,16 - Ululu
AFA-16-02,Chapter 16: Ululu,Ululu Akwu,Ululu Akwu,ULULU__AKWU,Ululu,Akwu,ululu akwu,Ajo nri mmadu riri | Nsi,Bad food eaten by somebody | Poison,16 - Ululu
AFA-16-03,Chapter 16: Ululu,Ululu Aghali,Ululu Aghali,ULULU__AGHALI,Ululu,Aghali,ululu agali ; ululu aghali,Ife Oriri,Edible thing | A thing that exists for eating,16 - Ululu
AFA-16-04,Chapter 16: Ululu,Ululu Atulukpa,Ululu Atulukpa,ULULU__ATULUKPA,Ululu,Atulukpa,ululu atulukpa,Uha | Ilite Uwa,Gain | Accumulation | To gain benefit,16 - Ululu
AFA-16-05,Chapter 16: Ululu,Ululu Ete,Ululu Ete,ULULU__ETE,Ululu,Ete,ululu ete,Ede | Ndaghachi Azu | Anya mmiri,Coco-yam | Set back in life | Challenge/Pain,16 - Ululu
AFA-16-06,Chapter 16: Ululu,Ululu Ijite or Ululu Ogwute,Ululu + Ijite / Ogwute,ULULU__IJITE_OGWUTE,Ululu,Ijite / Ogwute,ululu ijite ; ululu ijite or ululu ogwute ; ululu ogwute,Ji,Yam,16 - Ululu
AFA-16-07,Chapter 16: Ululu,Ululu Obara,Ululu + Obara / Obala,ULULU__OBARA,Ululu,Obara / Obala,ululu obala ; ululu obara,Iri ife | Inwe mmeri,To win or be a winner,16 - Ululu
AFA-16-08,Chapter 16: Ululu,Ululu Ora,Ululu Ora,ULULU__ORA,Ululu,Ora,ululu ora,Aguu,Hunger,16 - Ululu
AFA-16-09,Chapter 16: Ululu,Ululu Okara,Ululu + Okala / Okara,ULULU__OKALA,Ululu,Okala / Okara,ululu okala ; ululu okara,A kachaa a kaboo,Disappointment,16 - Ululu
AFA-16-10,Chapter 16: Ululu,Ululu Ose,Ululu Ose,ULULU__OSE,Ululu,Ose,ululu ose,Ukwuala | Ajo nri | Nsi,Cough | Bad food | Poison,16 - Ululu
AFA-16-11,Chapter 16: Ululu,Ululu Obi,Ululu + Obi / Ogbi,ULULU__OBI,Ululu,Obi / Ogbi,ululu obi ; ululu ogbi,Uha | Ilite uwa | Ihe nrite,Gain | Accumulation | To gain benefit,16 - Ululu
AFA-16-12,Chapter 16: Ululu,Ululu Odii,Ululu Odii,ULULU__ODII,Ululu,Odii,ululu odi ; ululu odii,Akazu | Ajo nni | Ife nkwukwuli,Bribery | Bad food | Dirty business,16 - Ululu
AFA-16-13,Chapter 16: Ululu,Ululu Ofu,Ululu + Ofu / Ovu,ULULU__OFU,Ululu,Ofu / Ovu,ululu ofu ; ululu ovu,Nri | Ime nri | Ife oriri ime | Ihe oriri | Mana Mana,Food | Edible thing | Which exists for eating | Manna/Spirit food,16 - Ululu
AFA-16-14,Chapter 16: Ululu,Ululu Ogheli,Ululu + Ogheli / Ogoli / Ogholi,ULULU__OGOLI,Ululu,Ogheli / Ogoli / Ogholi,ululu ogheli ; ululu ogholi ; ululu ogoli,Nri | Nri bi ife,Food | To eat poisoned food,16 - Ululu
AFA-16-15,Chapter 16: Ululu,Ululu Otule,Ululu Otule,ULULU__OTULE,Ululu,Otule,ululu otule,Ube Okpoko | Uha | Ilite uva,Ube (the first tree on earth) | Gain | make profit,16 - Ululu
AFA-16-16,Chapter 16: Ululu,Ululu naabo,Ululu Naabo,ULULU__NAABO,Ululu,Naabo,ululu naabo,Ugwo | Iji ugwo,Debt,16 - Ululu
